<?xml version="1.0" encoding="UTF-8"?>
<!DOCTYPE mapper PUBLIC "-//mybatis.org//DTD Mapper 3.0//EN" "http://mybatis.org/dtd/mybatis-3-mapper.dtd">
<mapper namespace="com.fantasy.easy.sys.user.mapper.SysUserMapper">
    <!-- 根据用户名查询用户 -->
    <select id="selectOne" resultType="com.fantasy.easy.core.entity.SysUserEntity">
        SELECT u.user_pwd ,u.* FROM sys_user u WHERE user_name=#{userName}
    </select>
    <select id="getUserByRole" resultType="com.fantasy.easy.core.entity.SysUserEntity">
        select user_name,user_email,user_mobile, u.user_id from sys_user u,sys_user_role ru where ru.user_id = u.user_id and ru.role_id  = #{v.roleId}
    </select>
    <!-- 查询用户的所有权限 -->
    <select id="queryAllAuthByUserId" resultType="string">
		SELECT
			menu_auth
		FROM
			sys_menu
		WHERE
			menu_id IN (
				SELECT
					menu_id
				FROM
					sys_role_menu rm,
					sys_user_role ur
				WHERE
					ur.role_id = rm.role_id
				AND ur.user_id =  #{userId}
			)
		AND menu_auth != ''
		AND menu_auth IS NOT NULL
    </select>
    <!-- 查询用户的所有菜单ID -->
    <select id="queryAllMenuId" resultType="long">
        select distinct rm.menu_id from sys_user_role ur
        LEFT JOIN sys_role_menu rm on ur.role_id = rm.role_id
        where ur.user_id = #{userId}
    </select>
</mapper>