<?xml version="1.0" encoding="UTF-8"?>
<!DOCTYPE mapper PUBLIC "-//mybatis.org//DTD Mapper 3.0//EN" "http://mybatis.org/dtd/mybatis-3-mapper.dtd">
<mapper namespace="com.fantasy.easy.sys.role.mapper.SysRoleMapper">
    <!-- 删除角色拥有的权限 -->
    <delete id="deleteRoleAuthByRoleId" >
        delete from Sys_Role_Menu where role_id = #{role_id}
    </delete>
    <!-- 插入角色拥有的权限 -->
    <insert id="insertRoleAuthByRole" >
        insert into sys_role_menu (role_id, menu_id) values
        <foreach collection="auths" item="auth" separator=",">
            (
            #{roleId,jdbcType=BIGINT},
            #{auth,jdbcType=BIGINT}
            )
        </foreach>
    </insert>
    <!-- 插入角色拥有的角色 -->
    <insert id="insertRoleUserByRole" >
        insert into sys_user_role (role_id, user_id) values
        <foreach collection="userIds" item="userId" separator=",">
            (
            #{roleId,jdbcType=BIGINT},
            #{userId,jdbcType=BIGINT}
            )
        </foreach>
    </insert>
    <delete id="deleteRoleUserByRole">
        delete from sys_user_role where role_id = #{roleId,jdbcType=BIGINT}
        and user_id in (
            <foreach collection="userIds" item="userId" separator=",">
                #{userId,jdbcType=BIGINT}
            </foreach>
        )
    </delete>
</mapper>